,node.objClass,pedestrian_count,node.serialno,node.time,date,year,month,day,location,event,Date,Mean_Temp,Total_Precip,Rain,Snow
0,pedestrian,0.0,SWLSANDBOX2,2019-02-20T00:00:00-05:00,2019-02-20,2019,02,20,raincoat,Event,2019-02-20,-5.9,1.2,1.0,0.0
1,pedestrian,0.0,SWLSANDBOX2,2019-02-21T00:00:00-05:00,2019-02-21,2019,02,21,raincoat,Not event,2019-02-21,-0.1,0.0,0.0,0.0
2,pedestrian,0.0,SWLSANDBOX2,2019-02-22T00:00:00-05:00,2019-02-22,2019,02,22,raincoat,Not event,2019-02-22,-1.7,0.0,0.0,0.0
3,pedestrian,0.0,SWLSANDBOX2,2019-02-23T00:00:00-05:00,2019-02-23,2019,02,23,raincoat,Not event,2019-02-23,-1.6,0.0,0.0,0.0
4,pedestrian,0.0,SWLSANDBOX2,2019-02-24T00:00:00-05:00,2019-02-24,2019,02,24,raincoat,Not event,2019-02-24,1.9,6.8,6.2,0.6
5,pedestrian,0.0,SWLSANDBOX2,2019-02-25T00:00:00-05:00,2019-02-25,2019,02,25,raincoat,Not event,2019-02-25,-5.6,1.0,0.0,1.8
6,pedestrian,0.0,SWLSANDBOX2,2019-02-26T00:00:00-05:00,2019-02-26,2019,02,26,raincoat,Not event,2019-02-26,-8.2,0.0,0.0,0.0
7,pedestrian,0.0,SWLSANDBOX2,2019-02-27T00:00:00-05:00,2019-02-27,2019,02,27,raincoat,Not event,2019-02-27,-10.6,17.6,0.0,18.4
8,pedestrian,0.0,SWLSANDBOX2,2019-02-28T00:00:00-05:00,2019-02-28,2019,02,28,raincoat,Not event,2019-02-28,-12.1,0.0,0.0,0.0
9,pedestrian,0.0,SWLSANDBOX2,2019-03-01T00:00:00-05:00,2019-03-01,2019,03,01,raincoat,Not event,2019-03-01,-7.0,0.0,0.0,0.0
10,pedestrian,0.0,SWLSANDBOX2,2019-03-02T00:00:00-05:00,2019-03-02,2019,03,02,raincoat,Event,2019-03-02,-3.6,4.4,0.0,4.0
11,pedestrian,0.0,SWLSANDBOX2,2019-03-03T00:00:00-05:00,2019-03-03,2019,03,03,raincoat,Not event,2019-03-03,-5.6,0.4,0.0,0.4
12,pedestrian,0.0,SWLSANDBOX2,2019-03-04T00:00:00-05:00,2019-03-04,2019,03,04,raincoat,Not event,2019-03-04,-11.0,0.0,0.0,0.0
13,pedestrian,0.0,SWLSANDBOX2,2019-03-05T00:00:00-05:00,2019-03-05,2019,03,05,raincoat,Not event,2019-03-05,-12.0,0.0,0.0,0.0
14,pedestrian,0.0,SWLSANDBOX2,2019-03-06T00:00:00-05:00,2019-03-06,2019,03,06,raincoat,Not event,2019-03-06,-12.0,0.0,0.0,0.0
15,pedestrian,0.0,SWLSANDBOX2,2019-03-07T00:00:00-05:00,2019-03-07,2019,03,07,raincoat,Not event,2019-03-07,-10.0,0.0,0.0,0.0
16,pedestrian,0.0,SWLSANDBOX2,2019-03-08T00:00:00-05:00,2019-03-08,2019,03,08,raincoat,Not event,2019-03-08,-8.1,0.0,0.0,0.0
17,pedestrian,0.0,SWLSANDBOX2,2019-03-09T00:00:00-05:00,2019-03-09,2019,03,09,raincoat,Not event,2019-03-09,-5.4,0.8,0.8,0.0
18,pedestrian,0.0,SWLSANDBOX2,2019-03-10T00:00:00-05:00,2019-03-10,2019,03,10,raincoat,Not event,2019-03-10,3.0,12.2,12.2,0.0
19,pedestrian,0.0,SWLSANDBOX2,2019-03-11T00:00:00-05:00,2019-03-11,2019,03,11,raincoat,Not event,2019-03-11,0.0,0.0,0.0,0.0
20,pedestrian,0.0,SWLSANDBOX2,2019-03-12T00:00:00-05:00,2019-03-12,2019,03,12,raincoat,Not event,2019-03-12,0.1,0.0,0.0,0.0
21,pedestrian,0.0,SWLSANDBOX2,2019-03-13T00:00:00-05:00,2019-03-13,2019,03,13,raincoat,Not event,2019-03-13,0.7,0.4,0.4,0.0
22,pedestrian,0.0,SWLSANDBOX2,2019-03-14T00:00:00-05:00,2019-03-14,2019,03,14,raincoat,Not event,2019-03-14,5.2,9.0,9.0,0.0
23,pedestrian,0.0,SWLSANDBOX2,2019-03-15T00:00:00-05:00,2019-03-15,2019,03,15,raincoat,Not event,2019-03-15,4.9,0.0,0.0,0.0
24,pedestrian,0.0,SWLSANDBOX2,2019-03-16T00:00:00-05:00,2019-03-16,2019,03,16,raincoat,Not event,2019-03-16,-1.5,0.0,0.0,0.0
25,pedestrian,0.0,SWLSANDBOX2,2019-03-17T00:00:00-05:00,2019-03-17,2019,03,17,raincoat,Not event,2019-03-17,-2.2,0.0,0.0,0.0
26,pedestrian,0.0,SWLSANDBOX2,2019-03-18T00:00:00-05:00,2019-03-18,2019,03,18,raincoat,Not event,2019-03-18,-0.3,0.0,0.0,0.0
27,pedestrian,0.0,SWLSANDBOX2,2019-03-19T00:00:00-05:00,2019-03-19,2019,03,19,raincoat,Not event,2019-03-19,0.9,0.6,0.0,0.6
28,pedestrian,96.0,SWLSANDBOX2,2019-03-20T00:00:00-05:00,2019-03-20,2019,03,20,raincoat,Not event,2019-03-20,4.6,0.0,0.0,0.0
29,pedestrian,150.0,SWLSANDBOX2,2019-03-21T00:00:00-05:00,2019-03-21,2019,03,21,raincoat,Not event,2019-03-21,5.4,1.2,1.2,0.0
30,pedestrian,34.0,SWLSANDBOX2,2019-03-22T00:00:00-05:00,2019-03-22,2019,03,22,raincoat,Not event,2019-03-22,-0.4,0.0,0.0,0.0
31,pedestrian,15.0,SWLSANDBOX2,2019-03-23T00:00:00-05:00,2019-03-23,2019,03,23,raincoat,Not event,2019-03-23,-0.9,0.0,0.0,0.0
32,pedestrian,76.0,SWLSANDBOX2,2019-03-24T00:00:00-05:00,2019-03-24,2019,03,24,raincoat,Not event,2019-03-24,3.6,0.0,0.0,0.0
33,pedestrian,54.0,SWLSANDBOX2,2019-03-25T00:00:00-05:00,2019-03-25,2019,03,25,raincoat,Not event,2019-03-25,-0.6,0.0,0.0,0.0
34,pedestrian,232.0,SWLSANDBOX2,2019-03-26T00:00:00-05:00,2019-03-26,2019,03,26,raincoat,Not event,2019-03-26,0.2,0.0,0.0,0.0
35,pedestrian,292.0,SWLSANDBOX2,2019-03-27T00:00:00-05:00,2019-03-27,2019,03,27,raincoat,Not event,2019-03-27,1.9,0.0,0.0,0.0
36,pedestrian,253.0,SWLSANDBOX2,2019-03-28T00:00:00-05:00,2019-03-28,2019,03,28,raincoat,Not event,2019-03-28,5.3,0.4,0.4,0.0
37,pedestrian,0.0,SWLSANDBOX2,2019-03-29T00:00:00-05:00,2019-03-29,2019,03,29,raincoat,Event,2019-03-29,7.5,0.0,0.0,0.0
38,pedestrian,0.0,SWLSANDBOX2,2019-03-30T00:00:00-05:00,2019-03-30,2019,03,30,raincoat,Event,2019-03-30,2.3,33.4,30.2,2.0
39,pedestrian,0.0,SWLSANDBOX2,2019-03-31T00:00:00-05:00,2019-03-31,2019,03,31,raincoat,Event,2019-03-31,-0.9,1.0,0.0,1.2
40,pedestrian,0.0,SWLSANDBOX2,2019-04-01T00:00:00-05:00,2019-04-01,2019,04,01,raincoat,Not event,2019-04-01,-1.1,0.0,0.0,0.0
41,pedestrian,0.0,SWLSANDBOX2,2019-04-02T00:00:00-05:00,2019-04-02,2019,04,02,raincoat,Event,2019-04-02,4.7,0.0,0.0,0.0
42,pedestrian,0.0,SWLSANDBOX2,2019-04-03T00:00:00-05:00,2019-04-03,2019,04,03,raincoat,Not event,2019-04-03,3.5,0.4,0.2,0.2
43,pedestrian,0.0,SWLSANDBOX2,2019-04-04T00:00:00-05:00,2019-04-04,2019,04,04,raincoat,Event,2019-04-04,1.8,0.0,0.0,0.0
44,pedestrian,0.0,SWLSANDBOX2,2019-04-05T00:00:00-05:00,2019-04-05,2019,04,05,raincoat,Not event,2019-04-05,2.0,0.0,0.0,0.0
45,pedestrian,0.0,SWLSANDBOX2,2019-04-06T00:00:00-05:00,2019-04-06,2019,04,06,raincoat,Not event,2019-04-06,8.8,0.0,0.0,0.0
46,pedestrian,0.0,SWLSANDBOX2,2019-04-07T00:00:00-05:00,2019-04-07,2019,04,07,raincoat,Not event,2019-04-07,9.5,4.0,4.0,0.0
47,pedestrian,54.0,SWLSANDBOX2,2019-04-08T00:00:00-05:00,2019-04-08,2019,04,08,raincoat,Not event,2019-04-08,10.1,0.0,0.0,0.0
48,pedestrian,225.0,SWLSANDBOX2,2019-04-09T00:00:00-05:00,2019-04-09,2019,04,09,raincoat,Event,2019-04-09,6.4,0.0,0.0,0.0
49,pedestrian,68.0,SWLSANDBOX2,2019-04-10T00:00:00-05:00,2019-04-10,2019,04,10,raincoat,Not event,2019-04-10,4.1,0.0,0.0,0.0
50,pedestrian,79.0,SWLSANDBOX2,2019-04-11T00:00:00-05:00,2019-04-11,2019,04,11,raincoat,Not event,2019-04-11,1.6,0.8,0.0,0.0
51,pedestrian,57.0,SWLSANDBOX2,2019-04-12T00:00:00-05:00,2019-04-12,2019,04,12,raincoat,Not event,2019-04-12,9.0,1.8,1.8,0.0
52,pedestrian,58.0,SWLSANDBOX2,2019-04-13T00:00:00-05:00,2019-04-13,2019,04,13,raincoat,Not event,2019-04-13,9.7,0.0,0.0,0.0
53,pedestrian,25.0,SWLSANDBOX2,2019-04-14T00:00:00-05:00,2019-04-14,2019,04,14,raincoat,Not event,2019-04-14,2.8,27.8,27.8,0.0
54,pedestrian,31.0,SWLSANDBOX2,2019-04-15T00:00:00-05:00,2019-04-15,2019,04,15,raincoat,Not event,2019-04-15,4.9,1.2,1.2,0.0
55,pedestrian,108.0,SWLSANDBOX2,2019-04-16T00:00:00-05:00,2019-04-16,2019,04,16,raincoat,Not event,2019-04-16,3.4,0.4,0.4,0.0
56,pedestrian,218.0,SWLSANDBOX2,2019-04-17T00:00:00-05:00,2019-04-17,2019,04,17,raincoat,Not event,2019-04-17,7.4,0.6,0.6,0.0
57,pedestrian,58.0,SWLSANDBOX2,2019-04-18T00:00:00-05:00,2019-04-18,2019,04,18,raincoat,Event,2019-04-18,13.9,1.8,1.8,0.0
58,pedestrian,7.0,SWLSANDBOX2,2019-04-19T00:00:00-05:00,2019-04-19,2019,04,19,raincoat,Not event,2019-04-19,8.9,18.6,18.6,0.0
59,pedestrian,1.0,SWLSANDBOX2,2019-04-20T00:00:00-05:00,2019-04-20,2019,04,20,raincoat,Not event,2019-04-20,6.7,13.0,13.0,0.0
60,pedestrian,7.0,SWLSANDBOX2,2019-04-21T00:00:00-05:00,2019-04-21,2019,04,21,raincoat,Not event,2019-04-21,9.4,0.0,0.0,0.0
61,pedestrian,12.0,SWLSANDBOX2,2019-04-22T00:00:00-05:00,2019-04-22,2019,04,22,raincoat,Not event,2019-04-22,10.7,0.0,0.0,0.0
62,pedestrian,37.0,SWLSANDBOX2,2019-04-23T00:00:00-05:00,2019-04-23,2019,04,23,raincoat,Not event,2019-04-23,10.4,2.2,2.2,0.0
63,pedestrian,133.0,SWLSANDBOX2,2019-04-24T00:00:00-05:00,2019-04-24,2019,04,24,raincoat,Not event,2019-04-24,8.7,0.0,0.0,0.0
64,pedestrian,48.0,SWLSANDBOX2,2019-04-25T00:00:00-05:00,2019-04-25,2019,04,25,raincoat,Event,2019-04-25,7.6,0.8,0.8,0.0
65,pedestrian,356.0,SWLSANDBOX2,2019-04-26T00:00:00-05:00,2019-04-26,2019,04,26,raincoat,Event,2019-04-26,8.1,18.0,18.0,0.0
66,pedestrian,31.0,SWLSANDBOX2,2019-04-27T00:00:00-05:00,2019-04-27,2019,04,27,raincoat,Not event,2019-04-27,4.5,0.0,0.0,0.0
67,pedestrian,52.0,SWLSANDBOX2,2019-04-28T00:00:00-05:00,2019-04-28,2019,04,28,raincoat,Not event,2019-04-28,6.1,0.0,0.0,0.0
68,pedestrian,34.0,SWLSANDBOX2,2019-04-29T00:00:00-05:00,2019-04-29,2019,04,29,raincoat,Not event,2019-04-29,3.2,0.8,0.6,0.2
69,pedestrian,41.0,SWLSANDBOX2,2019-04-30T00:00:00-05:00,2019-04-30,2019,04,30,raincoat,Not event,2019-04-30,6.4,1.2,1.2,0.0
70,pedestrian,47.0,SWLSANDBOX2,2019-05-01T00:00:00-05:00,2019-05-01,2019,05,01,raincoat,Not event,2019-05-01,6.7,14.6,14.6,0.0
71,pedestrian,77.0,SWLSANDBOX2,2019-05-02T00:00:00-05:00,2019-05-02,2019,05,02,raincoat,Not event,2019-05-02,7.5,1.8,1.8,0.0
72,pedestrian,21.0,SWLSANDBOX2,2019-05-03T00:00:00-05:00,2019-05-03,2019,05,03,raincoat,Not event,2019-05-03,8.8,13.4,13.4,0.0
73,pedestrian,67.0,SWLSANDBOX2,2019-05-04T00:00:00-05:00,2019-05-04,2019,05,04,raincoat,Not event,2019-05-04,9.6,0.2,0.2,0.0
74,pedestrian,71.0,SWLSANDBOX2,2019-05-05T00:00:00-05:00,2019-05-05,2019,05,05,raincoat,Not event,2019-05-05,10.8,0.0,0.0,0.0
75,pedestrian,78.0,SWLSANDBOX2,2019-05-06T00:00:00-05:00,2019-05-06,2019,05,06,raincoat,Not event,2019-05-06,15.2,0.0,0.0,0.0
76,pedestrian,325.0,SWLSANDBOX2,2019-05-07T00:00:00-05:00,2019-05-07,2019,05,07,raincoat,Not event,2019-05-07,9.7,2.6,2.6,0.0
77,pedestrian,135.0,SWLSANDBOX2,2019-05-08T00:00:00-05:00,2019-05-08,2019,05,08,raincoat,Not event,2019-05-08,7.2,0.0,0.0,0.0
78,pedestrian,79.0,SWLSANDBOX2,2019-05-09T00:00:00-05:00,2019-05-09,2019,05,09,raincoat,Not event,2019-05-09,12.0,6.2,6.2,0.0
79,pedestrian,381.0,SWLSANDBOX2,2019-05-10T00:00:00-05:00,2019-05-10,2019,05,10,raincoat,Event,2019-05-10,9.9,7.4,7.4,0.0
80,pedestrian,115.0,SWLSANDBOX2,2019-05-11T00:00:00-05:00,2019-05-11,2019,05,11,raincoat,Event,2019-05-11,6.9,0.0,0.0,0.0
81,pedestrian,188.0,SWLSANDBOX2,2019-05-12T00:00:00-05:00,2019-05-12,2019,05,12,raincoat,Not event,2019-05-12,7.1,5.4,5.4,0.0
82,pedestrian,56.0,SWLSANDBOX2,2019-05-13T00:00:00-05:00,2019-05-13,2019,05,13,raincoat,Not event,2019-05-13,0,7.6,7.6,0.0
83,pedestrian,31.0,SWLSANDBOX2,2019-05-14T00:00:00-05:00,2019-05-14,2019,05,14,raincoat,Not event,2019-05-14,11.0,0.4,0.4,0.0
84,pedestrian,194.0,SWLSANDBOX2,2019-05-15T00:00:00-05:00,2019-05-15,2019,05,15,raincoat,Event,2019-05-15,12.6,0.8,0.8,0.0
85,pedestrian,77.0,SWLSANDBOX2,2019-05-16T00:00:00-05:00,2019-05-16,2019,05,16,raincoat,Event,2019-05-16,11.0,0.0,0.0,0.0
86,pedestrian,128.0,SWLSANDBOX2,2019-05-17T00:00:00-05:00,2019-05-17,2019,05,17,raincoat,Not event,2019-05-17,13.6,0.0,0.0,0.0
87,pedestrian,94.0,SWLSANDBOX2,2019-05-18T00:00:00-05:00,2019-05-18,2019,05,18,raincoat,Not event,2019-05-18,10.9,0.0,0.0,0.0
88,pedestrian,141.0,SWLSANDBOX2,2019-05-19T00:00:00-05:00,2019-05-19,2019,05,19,raincoat,Not event,2019-05-19,15.4,2.0,2.0,0.0
89,pedestrian,92.0,SWLSANDBOX2,2019-05-20T00:00:00-05:00,2019-05-20,2019,05,20,raincoat,Not event,2019-05-20,11.9,0.0,0.0,0.0
90,pedestrian,95.0,SWLSANDBOX2,2019-05-21T00:00:00-05:00,2019-05-21,2019,05,21,raincoat,Not event,2019-05-21,11.6,0.0,0.0,0.0
91,pedestrian,162.0,SWLSANDBOX2,2019-05-22T00:00:00-05:00,2019-05-22,2019,05,22,raincoat,Not event,2019-05-22,11.3,0.6,0.6,0.0
92,pedestrian,47.0,SWLSANDBOX2,2019-05-23T00:00:00-05:00,2019-05-23,2019,05,23,raincoat,Not event,2019-05-23,17.2,0.8,0.8,0.0
93,pedestrian,104.0,SWLSANDBOX2,2019-05-24T00:00:00-05:00,2019-05-24,2019,05,24,raincoat,Not event,2019-05-24,16.6,0.0,0.0,0.0
94,pedestrian,89.0,SWLSANDBOX2,2019-05-25T00:00:00-05:00,2019-05-25,2019,05,25,raincoat,Not event,2019-05-25,15.5,28.0,28.0,0.0
95,pedestrian,207.0,SWLSANDBOX2,2019-05-26T00:00:00-05:00,2019-05-26,2019,05,26,raincoat,Not event,2019-05-26,17.8,0.0,0.0,0.0
96,pedestrian,194.0,SWLSANDBOX2,2019-05-27T00:00:00-05:00,2019-05-27,2019,05,27,raincoat,Not event,2019-05-27,16.7,0.6,0.6,0.0
97,pedestrian,106.0,SWLSANDBOX2,2019-05-28T00:00:00-05:00,2019-05-28,2019,05,28,raincoat,Not event,2019-05-28,11.3,4.6,4.6,0.0
98,pedestrian,138.0,SWLSANDBOX2,2019-05-29T00:00:00-05:00,2019-05-29,2019,05,29,raincoat,Not event,2019-05-29,13.1,0.6,0.6,0.0
99,pedestrian,178.0,SWLSANDBOX2,2019-05-30T00:00:00-05:00,2019-05-30,2019,05,30,raincoat,Not event,2019-05-30,16.3,0.0,0.0,0.0
100,pedestrian,248.0,SWLSANDBOX2,2019-05-31T00:00:00-05:00,2019-05-31,2019,05,31,raincoat,Not event,2019-05-31,13.8,0.0,0.0,0.0
101,pedestrian,52.0,SWLSANDBOX2,2019-06-01T00:00:00-05:00,2019-06-01,2019,06,01,raincoat,Not event,2019-06-01,16.0,1.0,1.0,0.0
102,pedestrian,50.0,SWLSANDBOX2,2019-06-02T00:00:00-05:00,2019-06-02,2019,06,02,raincoat,Not event,2019-06-02,14.0,3.0,3.0,0.0
103,pedestrian,120.0,SWLSANDBOX2,2019-06-03T00:00:00-05:00,2019-06-03,2019,06,03,raincoat,Event,2019-06-03,11.6,0.0,0.0,0.0
104,pedestrian,210.0,SWLSANDBOX2,2019-06-04T00:00:00-05:00,2019-06-04,2019,06,04,raincoat,Event,2019-06-04,12.2,0.0,0.0,0.0
105,pedestrian,121.0,SWLSANDBOX2,2019-06-05T00:00:00-05:00,2019-06-05,2019,06,05,raincoat,Not event,2019-06-05,14.6,11.2,11.2,0.0
106,pedestrian,116.0,SWLSANDBOX2,2019-06-06T00:00:00-05:00,2019-06-06,2019,06,06,raincoat,Not event,2019-06-06,18.7,0.0,0.0,0.0
107,pedestrian,214.0,SWLSANDBOX2,2019-06-07T00:00:00-05:00,2019-06-07,2019,06,07,raincoat,Event,2019-06-07,19.0,0.0,0.0,0.0
108,pedestrian,22.0,SWLSANDBOX2,2019-06-08T00:00:00-05:00,2019-06-08,2019,06,08,raincoat,Not event,2019-06-08,18.4,0.0,0.0,0.0
109,pedestrian,65.0,SWLSANDBOX2,2019-06-09T00:00:00-05:00,2019-06-09,2019,06,09,raincoat,Not event,2019-06-09,19.7,0.0,0.0,0.0
110,pedestrian,100.0,SWLSANDBOX2,2019-06-10T00:00:00-05:00,2019-06-10,2019,06,10,raincoat,Not event,2019-06-10,15.7,14.8,14.8,0.0
111,pedestrian,136.0,SWLSANDBOX2,2019-06-11T00:00:00-05:00,2019-06-11,2019,06,11,raincoat,Not event,2019-06-11,16.5,0.0,0.0,0.0
112,pedestrian,189.0,SWLSANDBOX2,2019-06-12T00:00:00-05:00,2019-06-12,2019,06,12,raincoat,Not event,2019-06-12,16.0,0.0,0.0,0.0
113,pedestrian,30.0,SWLSANDBOX2,2019-06-13T00:00:00-05:00,2019-06-13,2019,06,13,raincoat,Not event,2019-06-13,14.6,22.8,22.8,0.0
114,pedestrian,84.0,SWLSANDBOX2,2019-06-14T00:00:00-05:00,2019-06-14,2019,06,14,raincoat,Not event,2019-06-14,16.8,0.2,0.2,0.0
115,pedestrian,11.0,SWLSANDBOX2,2019-06-15T00:00:00-05:00,2019-06-15,2019,06,15,raincoat,Not event,2019-06-15,17.2,0.4,0.4,0.0
116,pedestrian,55.0,SWLSANDBOX2,2019-06-16T00:00:00-05:00,2019-06-16,2019,06,16,raincoat,Not event,2019-06-16,15.5,0.0,0.0,0.0
117,pedestrian,40.0,SWLSANDBOX2,2019-06-17T00:00:00-05:00,2019-06-17,2019,06,17,raincoat,Not event,2019-06-17,17.8,0.0,0.0,0.0
118,pedestrian,36.0,SWLSANDBOX2,2019-06-18T00:00:00-05:00,2019-06-18,2019,06,18,raincoat,Not event,2019-06-18,20.3,0.0,0.0,0.0
119,pedestrian,138.0,SWLSANDBOX2,2019-06-19T00:00:00-05:00,2019-06-19,2019,06,19,raincoat,Not event,2019-06-19,20.8,0.0,0.0,0.0
120,pedestrian,339.0,SWLSANDBOX2,2019-06-20T00:00:00-05:00,2019-06-20,2019,06,20,raincoat,Not event,2019-06-20,18.9,26.0,26.0,0.0
121,pedestrian,404.0,SWLSANDBOX2,2019-06-21T00:00:00-05:00,2019-06-21,2019,06,21,raincoat,Event,2019-06-21,18.8,0.0,0.0,0.0
122,pedestrian,38.0,SWLSANDBOX2,2019-06-22T00:00:00-05:00,2019-06-22,2019,06,22,raincoat,Not event,2019-06-22,18.6,0.0,0.0,0.0
123,pedestrian,129.0,SWLSANDBOX2,2019-06-23T00:00:00-05:00,2019-06-23,2019,06,23,raincoat,Not event,2019-06-23,19.3,0.0,0.0,0.0
124,pedestrian,835.0,SWLSANDBOX2,2019-06-24T00:00:00-05:00,2019-06-24,2019,06,24,raincoat,Event,2019-06-24,20.3,16.0,16.0,0.0
125,pedestrian,453.0,SWLSANDBOX2,2019-06-25T00:00:00-05:00,2019-06-25,2019,06,25,raincoat,Event,2019-06-25,21.3,0.0,0.0,0.0
126,pedestrian,167.0,SWLSANDBOX2,2019-06-26T00:00:00-05:00,2019-06-26,2019,06,26,raincoat,Not event,2019-06-26,23.7,1.2,1.2,0.0
127,pedestrian,265.0,SWLSANDBOX2,2019-06-27T00:00:00-05:00,2019-06-27,2019,06,27,raincoat,Not event,2019-06-27,23.0,0.0,0.0,0.0
128,pedestrian,181.0,SWLSANDBOX2,2019-06-28T00:00:00-05:00,2019-06-28,2019,06,28,raincoat,Event,2019-06-28,23.4,12.0,12.0,0.0
129,pedestrian,2047.0,SWLSANDBOX2,2019-06-29T00:00:00-05:00,2019-06-29,2019,06,29,raincoat,Event,2019-06-29,23.4,0.0,0.0,0.0
130,pedestrian,397.0,SWLSANDBOX2,2019-06-30T00:00:00-05:00,2019-06-30,2019,06,30,raincoat,Event,2019-06-30,19.7,0.0,0.0,0.0
131,pedestrian,136.0,SWLSANDBOX2,2019-07-01T00:00:00-05:00,2019-07-01,2019,07,01,raincoat,Not event,2019-07-01,20.8,0.0,0.0,0.0
132,pedestrian,232.0,SWLSANDBOX2,2019-07-02T00:00:00-05:00,2019-07-02,2019,07,02,raincoat,Not event,2019-07-02,23.3,0.6,0.6,0.0
133,pedestrian,120.0,SWLSANDBOX2,2019-07-03T00:00:00-05:00,2019-07-03,2019,07,03,raincoat,Not event,2019-07-03,23.9,0.0,0.0,0.0
134,pedestrian,76.0,SWLSANDBOX2,2019-07-04T00:00:00-05:00,2019-07-04,2019,07,04,raincoat,Not event,2019-07-04,23.7,0.0,0.0,0.0
135,pedestrian,69.0,SWLSANDBOX2,2019-07-05T00:00:00-05:00,2019-07-05,2019,07,05,raincoat,Not event,2019-07-05,26.1,1.6,1.6,0.0
136,pedestrian,40.0,SWLSANDBOX2,2019-07-06T00:00:00-05:00,2019-07-06,2019,07,06,raincoat,Not event,2019-07-06,26.5,0.0,0.0,0.0
137,pedestrian,60.0,SWLSANDBOX2,2019-07-07T00:00:00-05:00,2019-07-07,2019,07,07,raincoat,Not event,2019-07-07,20.1,0.0,0.0,0.0
138,pedestrian,449.0,SWLSANDBOX2,2019-07-08T00:00:00-05:00,2019-07-08,2019,07,08,raincoat,Event,2019-07-08,20.2,0.0,0.0,0.0
139,pedestrian,78.0,SWLSANDBOX2,2019-07-09T00:00:00-05:00,2019-07-09,2019,07,09,raincoat,Not event,2019-07-09,21.4,0.0,0.0,0.0
140,pedestrian,230.0,SWLSANDBOX2,2019-07-10T00:00:00-05:00,2019-07-10,2019,07,10,raincoat,Event,2019-07-10,22.3,0.4,0.4,0.0
141,pedestrian,134.0,SWLSANDBOX2,2019-07-11T00:00:00-05:00,2019-07-11,2019,07,11,raincoat,Not event,2019-07-11,23.8,1.6,1.6,0.0
142,pedestrian,175.0,SWLSANDBOX2,2019-07-12T00:00:00-05:00,2019-07-12,2019,07,12,raincoat,Not event,2019-07-12,20.5,0.0,0.0,0.0
143,pedestrian,104.0,SWLSANDBOX2,2019-07-13T00:00:00-05:00,2019-07-13,2019,07,13,raincoat,Not event,2019-07-13,23.3,6.2,6.2,0.0
144,pedestrian,144.0,SWLSANDBOX2,2019-07-14T00:00:00-05:00,2019-07-14,2019,07,14,raincoat,Event,2019-07-14,22.1,0.0,0.0,0.0
145,pedestrian,230.0,SWLSANDBOX2,2019-07-15T00:00:00-05:00,2019-07-15,2019,07,15,raincoat,Not event,2019-07-15,21.2,0.0,0.0,0.0
146,pedestrian,122.0,SWLSANDBOX2,2019-07-16T00:00:00-05:00,2019-07-16,2019,07,16,raincoat,Not event,2019-07-16,25.2,3.6,3.6,0.0
147,pedestrian,245.0,SWLSANDBOX2,2019-07-17T00:00:00-05:00,2019-07-17,2019,07,17,raincoat,Not event,2019-07-17,25.1,67.0,67.0,0.0
148,pedestrian,186.0,SWLSANDBOX2,2019-07-18T00:00:00-05:00,2019-07-18,2019,07,18,raincoat,Not event,2019-07-18,25.2,0.0,0.0,0.0
149,pedestrian,105.0,SWLSANDBOX2,2019-07-19T00:00:00-05:00,2019-07-19,2019,07,19,raincoat,Not event,2019-07-19,26.5,0.2,0.2,0.0
150,pedestrian,119.0,SWLSANDBOX2,2019-07-20T00:00:00-05:00,2019-07-20,2019,07,20,raincoat,Not event,2019-07-20,27.6,4.6,4.6,0.0
151,pedestrian,229.0,SWLSANDBOX2,2019-07-21T00:00:00-05:00,2019-07-21,2019,07,21,raincoat,Event,2019-07-21,24.7,0.0,0.0,0.0
152,pedestrian,858.0,SWLSANDBOX2,2019-07-22T00:00:00-05:00,2019-07-22,2019,07,22,raincoat,Event,2019-07-22,20.7,5.2,5.2,0.0
153,pedestrian,99.0,SWLSANDBOX2,2019-07-23T00:00:00-05:00,2019-07-23,2019,07,23,raincoat,Not event,2019-07-23,20.6,0.0,0.0,0.0
154,pedestrian,285.0,SWLSANDBOX2,2019-07-24T00:00:00-05:00,2019-07-24,2019,07,24,raincoat,Not event,2019-07-24,21.0,0.0,0.0,0.0
155,pedestrian,183.0,SWLSANDBOX2,2019-07-25T00:00:00-05:00,2019-07-25,2019,07,25,raincoat,Not event,2019-07-25,22.5,1.2,1.2,0.0
156,pedestrian,74.0,SWLSANDBOX2,2019-07-26T00:00:00-05:00,2019-07-26,2019,07,26,raincoat,Not event,2019-07-26,23.3,0.0,0.0,0.0
157,pedestrian,45.0,SWLSANDBOX2,2019-07-27T00:00:00-05:00,2019-07-27,2019,07,27,raincoat,Not event,2019-07-27,24.3,0.8,0.8,0.0
158,pedestrian,114.0,SWLSANDBOX2,2019-07-28T00:00:00-05:00,2019-07-28,2019,07,28,raincoat,Not event,2019-07-28,26.4,0.0,0.0,0.0
159,pedestrian,3.0,SWLSANDBOX2,2019-07-29T00:00:00-05:00,2019-07-29,2019,07,29,raincoat,Not event,2019-07-29,26.4,0.0,0.0,0.0
160,pedestrian,0.0,SWLSANDBOX2,2019-07-30T00:00:00-05:00,2019-07-30,2019,07,30,raincoat,Not event,2019-07-30,24.4,11.2,11.2,0.0
161,pedestrian,0.0,SWLSANDBOX2,2019-07-31T00:00:00-05:00,2019-07-31,2019,07,31,raincoat,Not event,2019-07-31,21.8,0.0,0.0,0.0
162,pedestrian,0.0,SWLSANDBOX2,2019-08-01T00:00:00-05:00,2019-08-01,2019,08,01,raincoat,Not event,2019-08-01,20.8,0.0,0.0,0.0
163,pedestrian,0.0,SWLSANDBOX2,2019-08-02T00:00:00-05:00,2019-08-02,2019,08,02,raincoat,Not event,2019-08-02,21.5,0.0,0.0,0.0
164,pedestrian,0.0,SWLSANDBOX2,2019-08-03T00:00:00-05:00,2019-08-03,2019,08,03,raincoat,Not event,2019-08-03,22.8,0.0,0.0,0.0
165,pedestrian,0.0,SWLSANDBOX2,2019-08-04T00:00:00-05:00,2019-08-04,2019,08,04,raincoat,Not event,2019-08-04,22.3,0.0,0.0,0.0
166,pedestrian,0.0,SWLSANDBOX2,2019-08-05T00:00:00-05:00,2019-08-05,2019,08,05,raincoat,Not event,2019-08-05,22.3,0.0,0.0,0.0
167,pedestrian,113.0,SWLSANDBOX2,2019-08-06T00:00:00-05:00,2019-08-06,2019,08,06,raincoat,Not event,2019-08-06,24.0,3.6,3.6,0.0
168,pedestrian,66.0,SWLSANDBOX2,2019-08-07T00:00:00-05:00,2019-08-07,2019,08,07,raincoat,Not event,2019-08-07,22.6,0.0,0.0,0.0
169,pedestrian,547.0,SWLSANDBOX2,2019-08-08T00:00:00-05:00,2019-08-08,2019,08,08,raincoat,Not event,2019-08-08,21.8,2.0,2.0,0.0
170,pedestrian,267.0,SWLSANDBOX2,2019-08-09T00:00:00-05:00,2019-08-09,2019,08,09,raincoat,Not event,2019-08-09,20.1,0.0,0.0,0.0
171,pedestrian,78.0,SWLSANDBOX2,2019-08-10T00:00:00-05:00,2019-08-10,2019,08,10,raincoat,Not event,2019-08-10,19.9,0.0,0.0,0.0
172,pedestrian,109.0,SWLSANDBOX2,2019-08-11T00:00:00-05:00,2019-08-11,2019,08,11,raincoat,Event,2019-08-11,21.6,0.0,0.0,0.0
173,pedestrian,277.0,SWLSANDBOX2,2019-08-12T00:00:00-05:00,2019-08-12,2019,08,12,raincoat,Not event,2019-08-12,24.3,3.2,3.2,0.0
174,pedestrian,192.0,SWLSANDBOX2,2019-08-13T00:00:00-05:00,2019-08-13,2019,08,13,raincoat,Not event,2019-08-13,23.5,0.0,0.0,0.0
175,pedestrian,243.0,SWLSANDBOX2,2019-08-14T00:00:00-05:00,2019-08-14,2019,08,14,raincoat,Not event,2019-08-14,21.2,0.0,0.0,0.0
176,pedestrian,585.0,SWLSANDBOX2,2019-08-15T00:00:00-05:00,2019-08-15,2019,08,15,raincoat,Event,2019-08-15,19.6,1.4,1.4,0.0
177,pedestrian,223.0,SWLSANDBOX2,2019-08-16T00:00:00-05:00,2019-08-16,2019,08,16,raincoat,Not event,2019-08-16,20.8,0.0,0.0,0.0
178,pedestrian,249.0,SWLSANDBOX2,2019-08-17T00:00:00-05:00,2019-08-17,2019,08,17,raincoat,Not event,2019-08-17,23.2,15.8,15.8,0.0
179,pedestrian,432.0,SWLSANDBOX2,2019-08-18T00:00:00-05:00,2019-08-18,2019,08,18,raincoat,Event,2019-08-18,22.9,6.6,6.6,0.0
180,pedestrian,215.0,SWLSANDBOX2,2019-08-19T00:00:00-05:00,2019-08-19,2019,08,19,raincoat,Not event,2019-08-19,22.9,0.0,0.0,0.0
181,pedestrian,100.0,SWLSANDBOX2,2019-08-20T00:00:00-05:00,2019-08-20,2019,08,20,raincoat,Not event,2019-08-20,22.2,2.2,2.2,0.0
182,pedestrian,246.0,SWLSANDBOX2,2019-08-21T00:00:00-05:00,2019-08-21,2019,08,21,raincoat,Not event,2019-08-21,24.9,0.6,0.6,0.0
183,pedestrian,41.0,SWLSANDBOX2,2019-08-22T00:00:00-05:00,2019-08-22,2019,08,22,raincoat,Not event,2019-08-22,20.1,0.0,0.0,0.0
184,pedestrian,90.0,SWLSANDBOX2,2019-08-23T00:00:00-05:00,2019-08-23,2019,08,23,raincoat,Not event,2019-08-23,18.8,0.0,0.0,0.0
185,pedestrian,29.0,SWLSANDBOX2,2019-08-24T00:00:00-05:00,2019-08-24,2019,08,24,raincoat,Not event,2019-08-24,17.3,0.0,0.0,0.0
186,pedestrian,202.0,SWLSANDBOX2,2019-08-25T00:00:00-05:00,2019-08-25,2019,08,25,raincoat,Event,2019-08-25,18.9,0.0,0.0,0.0
187,pedestrian,140.0,SWLSANDBOX2,2019-08-26T00:00:00-05:00,2019-08-26,2019,08,26,raincoat,Not event,2019-08-26,20.2,0.0,0.0,0.0
188,pedestrian,44.0,SWLSANDBOX2,2019-08-27T00:00:00-05:00,2019-08-27,2019,08,27,raincoat,Not event,2019-08-27,20.0,9.2,9.2,0.0
189,pedestrian,159.0,SWLSANDBOX2,2019-08-28T00:00:00-05:00,2019-08-28,2019,08,28,raincoat,Not event,2019-08-28,21.9,0.0,0.0,0.0
190,pedestrian,140.0,SWLSANDBOX2,2019-08-29T00:00:00-05:00,2019-08-29,2019,08,29,raincoat,Not event,2019-08-29,20.3,0.0,0.0,0.0
191,pedestrian,242.0,SWLSANDBOX2,2019-08-30T00:00:00-05:00,2019-08-30,2019,08,30,raincoat,Not event,2019-08-30,19.9,0.0,0.0,0.0
192,pedestrian,220.0,SWLSANDBOX2,2019-08-31T00:00:00-05:00,2019-08-31,2019,08,31,raincoat,Not event,2019-08-31,17.8,0.0,0.0,0.0
193,pedestrian,114.0,SWLSANDBOX2,2019-09-01T00:00:00-05:00,2019-09-01,2019,09,01,raincoat,Not event,2019-09-01,17.5,0.8,0.8,0.0
194,pedestrian,124.0,SWLSANDBOX2,2019-09-02T00:00:00-05:00,2019-09-02,2019,09,02,raincoat,Not event,2019-09-02,20.3,0.6,0.6,0.0
195,pedestrian,460.0,SWLSANDBOX2,2019-09-03T00:00:00-05:00,2019-09-03,2019,09,03,raincoat,Not event,2019-09-03,18.2,7.2,7.2,0.0
196,pedestrian,167.0,SWLSANDBOX2,2019-09-04T00:00:00-05:00,2019-09-04,2019,09,04,raincoat,Not event,2019-09-04,16.9,0.0,0.0,0.0
197,pedestrian,167.0,SWLSANDBOX2,2019-09-05T00:00:00-05:00,2019-09-05,2019,09,05,raincoat,Not event,2019-09-05,16.3,0.0,0.0,0.0
198,pedestrian,301.0,SWLSANDBOX2,2019-09-06T00:00:00-05:00,2019-09-06,2019,09,06,raincoat,Not event,2019-09-06,16.8,1.2,1.2,0.0
199,pedestrian,46.0,SWLSANDBOX2,2019-09-07T00:00:00-05:00,2019-09-07,2019,09,07,raincoat,Not event,2019-09-07,16.9,0.0,0.0,0.0
200,pedestrian,101.0,SWLSANDBOX2,2019-09-08T00:00:00-05:00,2019-09-08,2019,09,08,raincoat,Not event,2019-09-08,13.8,0.0,0.0,0.0
201,pedestrian,131.0,SWLSANDBOX2,2019-09-09T00:00:00-05:00,2019-09-09,2019,09,09,raincoat,Not event,2019-09-09,13.8,0.0,0.0,0.0
202,pedestrian,335.0,SWLSANDBOX2,2019-09-10T00:00:00-05:00,2019-09-10,2019,09,10,raincoat,Event,2019-09-10,17.6,18.2,18.2,0.0
203,pedestrian,550.0,SWLSANDBOX2,2019-09-11T00:00:00-05:00,2019-09-11,2019,09,11,raincoat,Not event,2019-09-11,23.2,1.0,1.0,0.0
204,pedestrian,761.0,SWLSANDBOX2,2019-09-12T00:00:00-05:00,2019-09-12,2019,09,12,raincoat,Not event,2019-09-12,16.6,0.8,0.8,0.0
205,pedestrian,519.0,SWLSANDBOX2,2019-09-13T00:00:00-05:00,2019-09-13,2019,09,13,raincoat,Not event,2019-09-13,17.7,5.6,5.6,0.0
206,pedestrian,193.0,SWLSANDBOX2,2019-09-14T00:00:00-05:00,2019-09-14,2019,09,14,raincoat,Not event,2019-09-14,18.0,0.0,0.0,0.0
207,pedestrian,365.0,SWLSANDBOX2,2019-09-15T00:00:00-05:00,2019-09-15,2019,09,15,raincoat,Not event,2019-09-15,14.6,4.4,4.4,0.0
208,pedestrian,62.0,SWLSANDBOX2,2019-09-16T00:00:00-05:00,2019-09-16,2019,09,16,raincoat,Not event,2019-09-16,15.6,0.2,0.2,0.0
209,pedestrian,267.0,SWLSANDBOX2,2019-09-17T00:00:00-05:00,2019-09-17,2019,09,17,raincoat,Not event,2019-09-17,16.9,0.0,0.0,0.0
210,pedestrian,230.0,SWLSANDBOX2,2019-09-18T00:00:00-05:00,2019-09-18,2019,09,18,raincoat,Not event,2019-09-18,17.6,0.0,0.0,0.0
211,pedestrian,353.0,SWLSANDBOX2,2019-09-19T00:00:00-05:00,2019-09-19,2019,09,19,raincoat,Not event,2019-09-19,19.3,0.0,0.0,0.0
212,pedestrian,272.0,SWLSANDBOX2,2019-09-20T00:00:00-05:00,2019-09-20,2019,09,20,raincoat,Event,2019-09-20,18.7,0.0,0.0,0.0
213,pedestrian,176.0,SWLSANDBOX2,2019-09-21T00:00:00-05:00,2019-09-21,2019,09,21,raincoat,Not event,2019-09-21,21.8,0.0,0.0,0.0
214,pedestrian,425.0,SWLSANDBOX2,2019-09-22T00:00:00-05:00,2019-09-22,2019,09,22,raincoat,Not event,2019-09-22,26.1,0.0,0.0,0.0
215,pedestrian,183.0,SWLSANDBOX2,2019-09-23T00:00:00-05:00,2019-09-23,2019,09,23,raincoat,Not event,2019-09-23,20.1,0.2,0.2,0.0
216,pedestrian,487.0,SWLSANDBOX2,2019-09-24T00:00:00-05:00,2019-09-24,2019,09,24,raincoat,Event,2019-09-24,17.2,0.0,0.0,0.0
217,pedestrian,215.0,SWLSANDBOX2,2019-09-25T00:00:00-05:00,2019-09-25,2019,09,25,raincoat,Not event,2019-09-25,19.7,0.0,0.0,0.0
218,pedestrian,174.0,SWLSANDBOX2,2019-09-26T00:00:00-05:00,2019-09-26,2019,09,26,raincoat,Event,2019-09-26,16.9,3.2,3.2,0.0
219,pedestrian,520.0,SWLSANDBOX2,2019-09-27T00:00:00-05:00,2019-09-27,2019,09,27,raincoat,Event,2019-09-27,15.8,0.0,0.0,0.0
220,pedestrian,100.0,SWLSANDBOX2,2019-09-28T00:00:00-05:00,2019-09-28,2019,09,28,raincoat,Not event,2019-09-28,16.4,3.0,3.0,0.0
221,pedestrian,59.0,SWLSANDBOX2,2019-09-29T00:00:00-05:00,2019-09-29,2019,09,29,raincoat,Not event,2019-09-29,11.8,0.0,0.0,0.0
222,pedestrian,306.0,SWLSANDBOX2,2019-09-30T00:00:00-05:00,2019-09-30,2019,09,30,raincoat,Not event,2019-09-30,14.9,0.0,0.0,0.0
223,pedestrian,242.0,SWLSANDBOX2,2019-10-01T00:00:00-05:00,2019-10-01,2019,10,01,raincoat,Not event,2019-10-01,23.1,12.0,12.0,0.0
224,pedestrian,286.0,SWLSANDBOX2,2019-10-02T00:00:00-05:00,2019-10-02,2019,10,02,raincoat,Event,2019-10-02,14.3,10.2,10.2,0.0
225,pedestrian,104.0,SWLSANDBOX2,2019-10-03T00:00:00-05:00,2019-10-03,2019,10,03,raincoat,Not event,2019-10-03,10.2,2.8,2.8,0.0
226,pedestrian,71.0,SWLSANDBOX2,2019-10-04T00:00:00-05:00,2019-10-04,2019,10,04,raincoat,Not event,2019-10-04,8.0,0.0,0.0,0.0
227,pedestrian,32.0,SWLSANDBOX2,2019-10-05T00:00:00-05:00,2019-10-05,2019,10,05,raincoat,Not event,2019-10-05,8.8,0.0,0.0,0.0
228,pedestrian,90.0,SWLSANDBOX2,2019-10-06T00:00:00-05:00,2019-10-06,2019,10,06,raincoat,Not event,2019-10-06,16.6,1.8,1.8,0.0
229,pedestrian,135.0,SWLSANDBOX2,2019-10-07T00:00:00-05:00,2019-10-07,2019,10,07,raincoat,Not event,2019-10-07,12.7,0.0,0.0,0.0
230,pedestrian,312.0,SWLSANDBOX2,2019-10-08T00:00:00-05:00,2019-10-08,2019,10,08,raincoat,Not event,2019-10-08,12.3,0.0,0.0,0.0
231,pedestrian,131.0,SWLSANDBOX2,2019-10-09T00:00:00-05:00,2019-10-09,2019,10,09,raincoat,Not event,2019-10-09,11.1,0.0,0.0,0.0
232,pedestrian,222.0,SWLSANDBOX2,2019-10-10T00:00:00-05:00,2019-10-10,2019,10,10,raincoat,Not event,2019-10-10,12.0,0.0,0.0,0.0
233,pedestrian,52.0,SWLSANDBOX2,2019-10-11T00:00:00-05:00,2019-10-11,2019,10,11,raincoat,Not event,2019-10-11,13.9,0.0,0.0,0.0
234,pedestrian,54.0,SWLSANDBOX2,2019-10-12T00:00:00-05:00,2019-10-12,2019,10,12,raincoat,Not event,2019-10-12,10.0,4.2,4.2,0.0
235,pedestrian,107.0,SWLSANDBOX2,2019-10-13T00:00:00-05:00,2019-10-13,2019,10,13,raincoat,Not event,2019-10-13,10.7,0.0,0.0,0.0
236,pedestrian,96.0,SWLSANDBOX2,2019-10-14T00:00:00-05:00,2019-10-14,2019,10,14,raincoat,Not event,2019-10-14,8.6,0.0,0.0,0.0
237,pedestrian,259.0,SWLSANDBOX2,2019-10-15T00:00:00-05:00,2019-10-15,2019,10,15,raincoat,Event,2019-10-15,8.6,0.0,0.0,0.0
238,pedestrian,213.0,SWLSANDBOX2,2019-10-16T00:00:00-05:00,2019-10-16,2019,10,16,raincoat,Not event,2019-10-16,10.0,18.2,18.2,0.0
239,pedestrian,237.0,SWLSANDBOX2,2019-10-17T00:00:00-05:00,2019-10-17,2019,10,17,raincoat,Event,2019-10-17,7.7,0.0,0.0,0.0
240,pedestrian,975.0,SWLSANDBOX2,2019-10-18T00:00:00-05:00,2019-10-18,2019,10,18,raincoat,Not event,2019-10-18,7.3,0.0,0.0,0.0
241,pedestrian,89.0,SWLSANDBOX2,2019-10-19T00:00:00-05:00,2019-10-19,2019,10,19,raincoat,Not event,2019-10-19,6.6,0.0,0.0,0.0
242,pedestrian,152.0,SWLSANDBOX2,2019-10-20T00:00:00-05:00,2019-10-20,2019,10,20,raincoat,Not event,2019-10-20,10.6,0.0,0.0,0.0
243,pedestrian,625.0,SWLSANDBOX2,2019-10-21T00:00:00-05:00,2019-10-21,2019,10,21,raincoat,Not event,2019-10-21,10.6,1.4,1.4,0.0
244,pedestrian,277.0,SWLSANDBOX2,2019-10-22T00:00:00-05:00,2019-10-22,2019,10,22,raincoat,Not event,2019-10-22,12.9,10.6,10.6,0.0
245,pedestrian,77.0,SWLSANDBOX2,2019-10-23T00:00:00-05:00,2019-10-23,2019,10,23,raincoat,Event,2019-10-23,10.4,0.0,0.0,0.0
246,pedestrian,244.0,SWLSANDBOX2,2019-10-24T00:00:00-05:00,2019-10-24,2019,10,24,raincoat,Event,2019-10-24,9.1,0.6,0.6,0.0
247,pedestrian,175.0,SWLSANDBOX2,2019-10-25T00:00:00-05:00,2019-10-25,2019,10,25,raincoat,Event,2019-10-25,7.9,0.0,0.0,0.0
248,pedestrian,297.0,SWLSANDBOX2,2019-10-26T00:00:00-05:00,2019-10-26,2019,10,26,raincoat,Not event,2019-10-26,5.8,9.2,9.2,0.0
249,pedestrian,116.0,SWLSANDBOX2,2019-10-27T00:00:00-05:00,2019-10-27,2019,10,27,raincoat,Not event,2019-10-27,10.2,25.8,25.8,0.0
250,pedestrian,36.0,SWLSANDBOX2,2019-10-28T00:00:00-05:00,2019-10-28,2019,10,28,raincoat,Not event,2019-10-28,10.4,0.0,0.0,0.0
251,pedestrian,237.0,SWLSANDBOX2,2019-10-29T00:00:00-05:00,2019-10-29,2019,10,29,raincoat,Event,2019-10-29,11.2,0.0,0.0,0.0
252,pedestrian,932.0,SWLSANDBOX2,2019-10-30T00:00:00-05:00,2019-10-30,2019,10,30,raincoat,Not event,2019-10-30,7.7,20.6,20.6,0.0
253,pedestrian,1391.0,SWLSANDBOX2,2019-10-31T00:00:00-05:00,2019-10-31,2019,10,31,raincoat,Not event,2019-10-31,7.3,18.8,18.8,0.0
254,pedestrian,189.0,SWLSANDBOX2,2019-11-01T00:00:00-05:00,2019-11-01,2019,11,01,raincoat,Event,2019-11-01,3.3,0.0,0.0,0.0
255,pedestrian,84.0,SWLSANDBOX2,2019-11-02T00:00:00-05:00,2019-11-02,2019,11,02,raincoat,Not event,2019-11-02,4.0,0.4,0.4,0.0
256,pedestrian,96.0,SWLSANDBOX2,2019-11-03T00:00:00-05:00,2019-11-03,2019,11,03,raincoat,Event,2019-11-03,3.6,0.0,0.0,0.0
257,pedestrian,6.0,SWLSANDBOX2,2019-11-04T00:00:00-05:00,2019-11-04,2019,11,04,raincoat,Not event,2019-11-04,7.3,1.0,1.0,0.0
258,pedestrian,0.0,SWLSANDBOX2,2019-11-05T00:00:00-05:00,2019-11-05,2019,11,05,raincoat,Not event,2019-11-05,4.5,0.0,0.0,0.0
259,pedestrian,0.0,SWLSANDBOX2,2019-11-06T00:00:00-05:00,2019-11-06,2019,11,06,raincoat,Event,2019-11-06,1.4,0.6,0.2,0.4
260,pedestrian,0.0,SWLSANDBOX2,2019-11-07T00:00:00-05:00,2019-11-07,2019,11,07,raincoat,Event,2019-11-07,-0.2,3.6,1.6,2.0
261,pedestrian,9.0,SWLSANDBOX2,2019-11-08T00:00:00-05:00,2019-11-08,2019,11,08,raincoat,Not event,2019-11-08,-2.6,0.0,0.0,0.0
262,pedestrian,0.0,SWLSANDBOX2,2019-11-09T00:00:00-05:00,2019-11-09,2019,11,09,raincoat,Not event,2019-11-09,-0.4,0.0,0.0,0.0
263,pedestrian,0.0,SWLSANDBOX2,2019-11-10T00:00:00-05:00,2019-11-10,2019,11,10,raincoat,Not event,2019-11-10,3.1,0.6,0.4,0.2
264,pedestrian,0.0,SWLSANDBOX2,2019-11-11T00:00:00-05:00,2019-11-11,2019,11,11,raincoat,Not event,2019-11-11,-3.9,12.2,0.0,13.6
265,pedestrian,0.0,SWLSANDBOX2,2019-11-12T00:00:00-05:00,2019-11-12,2019,11,12,raincoat,Event,2019-11-12,-7.6,0.2,0.0,0.2
266,pedestrian,0.0,SWLSANDBOX2,2019-11-13T00:00:00-05:00,2019-11-13,2019,11,13,raincoat,Event,2019-11-13,-7.8,1.8,0.0,2.0
267,pedestrian,0.0,SWLSANDBOX2,2019-11-14T00:00:00-05:00,2019-11-14,2019,11,14,raincoat,Event,2019-11-14,-1.0,0.4,0.0,0.4
268,pedestrian,0.0,SWLSANDBOX2,2019-11-15T00:00:00-05:00,2019-11-15,2019,11,15,raincoat,Event,2019-11-15,-1.6,0.0,0.0,0.0
269,pedestrian,0.0,SWLSANDBOX2,2019-11-16T00:00:00-05:00,2019-11-16,2019,11,16,raincoat,Event,2019-11-16,-6.8,0.0,0.0,0.0
270,pedestrian,0.0,SWLSANDBOX2,2019-11-17T00:00:00-05:00,2019-11-17,2019,11,17,raincoat,Not event,2019-11-17,-2.3,0.0,0.0,0.0
271,pedestrian,0.0,SWLSANDBOX2,2019-11-18T00:00:00-05:00,2019-11-18,2019,11,18,raincoat,Not event,2019-11-18,0.5,9.2,8.8,0.4
272,pedestrian,0.0,SWLSANDBOX2,2019-11-19T00:00:00-05:00,2019-11-19,2019,11,19,raincoat,Not event,2019-11-19,2.3,0.2,0.2,0.0
273,pedestrian,0.0,SWLSANDBOX2,2019-11-20T00:00:00-05:00,2019-11-20,2019,11,20,raincoat,Not event,2019-11-20,3.7,0.0,0.0,0.0
274,pedestrian,0.0,SWLSANDBOX2,2019-11-21T00:00:00-05:00,2019-11-21,2019,11,21,raincoat,Not event,2019-11-21,4.8,4.2,4.2,0.0
275,pedestrian,141.0,SWLSANDBOX2,2019-11-22T00:00:00-05:00,2019-11-22,2019,11,22,raincoat,Not event,2019-11-22,3.9,0.0,0.0,0.0
276,pedestrian,179.0,SWLSANDBOX2,2019-11-23T00:00:00-05:00,2019-11-23,2019,11,23,raincoat,Not event,2019-11-23,1.8,0.0,0.0,0.0
277,pedestrian,132.0,SWLSANDBOX2,2019-11-24T00:00:00-05:00,2019-11-24,2019,11,24,raincoat,Not event,2019-11-24,1.7,0.0,0.0,0.0
278,pedestrian,55.0,SWLSANDBOX2,2019-11-25T00:00:00-05:00,2019-11-25,2019,11,25,raincoat,Not event,2019-11-25,4.8,0.0,0.0,0.0
279,pedestrian,84.0,SWLSANDBOX2,2019-11-26T00:00:00-05:00,2019-11-26,2019,11,26,raincoat,Not event,2019-11-26,6.4,0.0,0.0,0.0
280,pedestrian,62.0,SWLSANDBOX2,2019-11-27T00:00:00-05:00,2019-11-27,2019,11,27,raincoat,Not event,2019-11-27,7.1,6.4,6.4,0.0
281,pedestrian,22.0,SWLSANDBOX2,2019-11-28T00:00:00-05:00,2019-11-28,2019,11,28,raincoat,Not event,2019-11-28,1.5,0.0,0.0,0.0
282,pedestrian,42.0,SWLSANDBOX2,2019-11-29T00:00:00-05:00,2019-11-29,2019,11,29,raincoat,Not event,2019-11-29,-2.1,0.0,0.0,0.0
283,pedestrian,93.0,SWLSANDBOX2,2019-11-30T00:00:00-05:00,2019-11-30,2019,11,30,raincoat,Not event,2019-11-30,-2.7,0.0,0.0,0.0
284,pedestrian,138.0,SWLSANDBOX2,2019-12-01T00:00:00-05:00,2019-12-01,2019,12,01,raincoat,Not event,2019-12-01,-2.5,11.4,2.0,3.0
285,pedestrian,48.0,SWLSANDBOX2,2019-12-02T00:00:00-05:00,2019-12-02,2019,12,02,raincoat,Not event,2019-12-02,-4.0,6.2,0.0,9.4
286,pedestrian,9.0,SWLSANDBOX2,2019-12-03T00:00:00-05:00,2019-12-03,2019,12,03,raincoat,Not event,2019-12-03,-4.3,0.6,0.0,0.6
287,pedestrian,8.0,SWLSANDBOX2,2019-12-04T00:00:00-05:00,2019-12-04,2019,12,04,raincoat,Not event,2019-12-04,1.3,0.0,0.0,0.0
288,pedestrian,84.0,SWLSANDBOX2,2019-12-05T00:00:00-05:00,2019-12-05,2019,12,05,raincoat,Not event,2019-12-05,-0.9,0.4,0.0,0.4
289,pedestrian,0.0,SWLSANDBOX2,2019-12-06T00:00:00-05:00,2019-12-06,2019,12,06,raincoat,Not event,2019-12-06,-2.9,5.4,0.0,5.4
290,pedestrian,0.0,SWLSANDBOX2,2019-12-07T00:00:00-05:00,2019-12-07,2019,12,07,raincoat,Not event,2019-12-07,-4.3,0.0,0.0,0.0
291,pedestrian,0.0,SWLSANDBOX2,2019-12-08T00:00:00-05:00,2019-12-08,2019,12,08,raincoat,Not event,2019-12-08,1.7,0.0,0.0,0.0
292,pedestrian,0.0,SWLSANDBOX2,2019-12-09T00:00:00-05:00,2019-12-09,2019,12,09,raincoat,Not event,2019-12-09,7.6,6.0,6.0,0.0
293,pedestrian,0.0,SWLSANDBOX2,2019-12-10T00:00:00-05:00,2019-12-10,2019,12,10,raincoat,Not event,2019-12-10,1.5,0.6,0.6,0.0
294,pedestrian,0.0,SWLSANDBOX2,2019-12-11T00:00:00-05:00,2019-12-11,2019,12,11,raincoat,Not event,2019-12-11,-5.7,0.0,0.0,0.0
295,pedestrian,0.0,SWLSANDBOX2,2019-12-12T00:00:00-05:00,2019-12-12,2019,12,12,raincoat,Not event,2019-12-12,-5.0,0.0,0.0,0.0
296,pedestrian,0.0,SWLSANDBOX2,2019-12-13T00:00:00-05:00,2019-12-13,2019,12,13,raincoat,Not event,2019-12-13,2.3,0.0,0.0,0.0
297,pedestrian,0.0,SWLSANDBOX2,2019-12-14T00:00:00-05:00,2019-12-14,2019,12,14,raincoat,Not event,2019-12-14,1.6,20.2,18.0,2.6
298,pedestrian,0.0,SWLSANDBOX2,2019-12-15T00:00:00-05:00,2019-12-15,2019,12,15,raincoat,Not event,2019-12-15,-2.6,0.0,0.0,0.0
299,pedestrian,0.0,SWLSANDBOX2,2019-12-16T00:00:00-05:00,2019-12-16,2019,12,16,raincoat,Not event,2019-12-16,-2.3,0.0,0.0,0.0
300,pedestrian,0.0,SWLSANDBOX2,2019-12-17T00:00:00-05:00,2019-12-17,2019,12,17,raincoat,Not event,2019-12-17,-1.2,0.0,0.0,0.0
301,pedestrian,0.0,SWLSANDBOX2,2019-12-18T00:00:00-05:00,2019-12-18,2019,12,18,raincoat,Event,2019-12-18,-9.1,0.8,0.0,0.8
302,pedestrian,0.0,SWLSANDBOX2,2019-12-19T00:00:00-05:00,2019-12-19,2019,12,19,raincoat,Event,2019-12-19,-11.4,1.6,0.0,5.0
303,pedestrian,0.0,SWLSANDBOX2,2019-12-20T00:00:00-05:00,2019-12-20,2019,12,20,raincoat,Not event,2019-12-20,-7.4,0.0,0.0,0.0
304,pedestrian,0.0,SWLSANDBOX2,2019-12-21T00:00:00-05:00,2019-12-21,2019,12,21,raincoat,Not event,2019-12-21,-3.0,0.0,0.0,0.0
305,pedestrian,0.0,SWLSANDBOX2,2019-12-22T00:00:00-05:00,2019-12-22,2019,12,22,raincoat,Not event,2019-12-22,3.1,0.0,0.0,0.0
306,pedestrian,0.0,SWLSANDBOX2,2019-12-23T00:00:00-05:00,2019-12-23,2019,12,23,raincoat,Not event,2019-12-23,4.5,0.0,0.0,0.0
307,pedestrian,0.0,SWLSANDBOX2,2019-12-24T00:00:00-05:00,2019-12-24,2019,12,24,raincoat,Not event,2019-12-24,-1.4,0.0,0.0,0.0
308,pedestrian,0.0,SWLSANDBOX2,2019-12-25T00:00:00-05:00,2019-12-25,2019,12,25,raincoat,Not event,2019-12-25,0.6,0.0,0.0,0.0
309,pedestrian,0.0,SWLSANDBOX2,2019-12-26T00:00:00-05:00,2019-12-26,2019,12,26,raincoat,Not event,2019-12-26,2.4,0.0,0.0,0.0
310,pedestrian,0.0,SWLSANDBOX2,2019-12-27T00:00:00-05:00,2019-12-27,2019,12,27,raincoat,Not event,2019-12-27,6.9,0.0,0.0,0.0
311,pedestrian,0.0,SWLSANDBOX2,2019-12-28T00:00:00-05:00,2019-12-28,2019,12,28,raincoat,Event,2019-12-28,3.0,0.2,0.2,0.0
312,pedestrian,0.0,SWLSANDBOX2,2019-12-29T00:00:00-05:00,2019-12-29,2019,12,29,raincoat,Not event,2019-12-29,1.1,7.8,7.8,0.0
313,pedestrian,0.0,SWLSANDBOX2,2019-12-30T00:00:00-05:00,2019-12-30,2019,12,30,raincoat,Not event,2019-12-30,5.6,8.0,8.0,0.0
314,pedestrian,0.0,SWLSANDBOX2,2019-12-31T00:00:00-05:00,2019-12-31,2019,12,31,raincoat,Not event,2019-12-31,0.4,2.0,0.0,2.0
315,pedestrian,0.0,SWLSANDBOX2,2020-01-01T00:00:00-05:00,2020-01-01,2020,01,01,raincoat,Not event,2020-01-01,-1.7,0.0,0.0,0.0
316,pedestrian,0.0,SWLSANDBOX2,2020-01-02T00:00:00-05:00,2020-01-02,2020,01,02,raincoat,Not event,2020-01-02,3.0,0.0,0.0,0.0
317,pedestrian,0.0,SWLSANDBOX2,2020-01-03T00:00:00-05:00,2020-01-03,2020,01,03,raincoat,Not event,2020-01-03,4.6,0.0,0.0,0.0
318,pedestrian,0.0,SWLSANDBOX2,2020-01-04T00:00:00-05:00,2020-01-04,2020,01,04,raincoat,Not event,2020-01-04,0.9,1.6,0.0,2.4
319,pedestrian,0.0,SWLSANDBOX2,2020-01-05T00:00:00-05:00,2020-01-05,2020,01,05,raincoat,Not event,2020-01-05,-0.8,3.6,0.0,3.6
320,pedestrian,0.0,SWLSANDBOX2,2020-01-06T00:00:00-05:00,2020-01-06,2020,01,06,raincoat,Not event,2020-01-06,-1.7,0.0,0.0,0.0
321,pedestrian,0.0,SWLSANDBOX2,2020-01-07T00:00:00-05:00,2020-01-07,2020,01,07,raincoat,Not event,2020-01-07,-0.8,0.0,0.0,0.0
322,pedestrian,0.0,SWLSANDBOX2,2020-01-08T00:00:00-05:00,2020-01-08,2020,01,08,raincoat,Not event,2020-01-08,-5.1,2.0,0.0,2.0
323,pedestrian,0.0,SWLSANDBOX2,2020-01-09T00:00:00-05:00,2020-01-09,2020,01,09,raincoat,Not event,2020-01-09,-4.9,0.2,0.0,0.2
324,pedestrian,0.0,SWLSANDBOX2,2020-01-10T00:00:00-05:00,2020-01-10,2020,01,10,raincoat,Not event,2020-01-10,4.5,1.8,1.8,0.0
